linux_path	wine_path	instruments	encoded	presets	samples	nonkontakt	files
/mnt/workspace/ABLETON SNEMANJE/Music Projects/Ableton Launchpad testbed_01 Project	D:\ABLETON SNEMANJE\Music Projects\Ableton Launchpad testbed_01 Project	0	0	0	256	0	706
/mnt/workspace/PROGRAMS/VST, Samples & DAW/Audio Imperia - Sinfonia Drums	D:\PROGRAMS\VST, Samples & DAW\Audio Imperia - Sinfonia Drums	28	2	0	16253	0	16288
/mnt/workspace/PROGRAMS/VST, Samples & DAW/Doru Malaia - Ethnic Super Drums Collection	D:\PROGRAMS\VST, Samples & DAW\Doru Malaia - Ethnic Super Drums Collection	194	0	0	18556	0	18763
/mnt/workspace/PROGRAMS/VST, Samples & DAW/Drumdrops - Vintage Funk Kit	D:\PROGRAMS\VST, Samples & DAW\Drumdrops - Vintage Funk Kit	2	2	0	0	0	1415
/mnt/workspace/PROGRAMS/VST, Samples & DAW/Drumforge I Ultimate [KONTAKT-TRiGGER-DRUMAGOG]/KONTAKT/Drumforge.I.Ultimate.KONTAKT-SYNTHiC4TE	D:\PROGRAMS\VST, Samples & DAW\Drumforge I Ultimate [KONTAKT-TRiGGER-DRUMAGOG]\KONTAKT\Drumforge.I.Ultimate.KONTAKT-SYNTHiC4TE	152	248	0	18405	0	18806
/mnt/workspace/PROGRAMS/VST, Samples & DAW/Epic SoundLab - The Forge	D:\PROGRAMS\VST, Samples & DAW\Epic SoundLab - The Forge	244	2	0	1337	0	1645
/mnt/workspace/PROGRAMS/VST, Samples & DAW/FROM TIXATI DL/8Dio Phenex Bundle	D:\PROGRAMS\VST, Samples & DAW\FROM TIXATI DL\8Dio Phenex Bundle	36	2	0	4602	0	4642
/mnt/workspace/PROGRAMS/VST, Samples & DAW/FROM TIXATI DL/Amen Drums [Vintage Drum Samples]	D:\PROGRAMS\VST, Samples & DAW\FROM TIXATI DL\Amen Drums [Vintage Drum Samples]	2	0	0	180	0	189
/mnt/workspace/PROGRAMS/VST, Samples & DAW/FROM TIXATI DL/Cy-FX [Ergo Kukke]	D:\PROGRAMS\VST, Samples & DAW\FROM TIXATI DL\Cy-FX [Ergo Kukke]	1	2	54	799	0	972
/mnt/workspace/PROGRAMS/VST, Samples & DAW/FROM TIXATI DL/Dhol Ensemble [Sonuscore]	D:\PROGRAMS\VST, Samples & DAW\FROM TIXATI DL\Dhol Ensemble [Sonuscore]	1	2	0	952	0	955
/mnt/workspace/PROGRAMS/VST, Samples & DAW/FROM TIXATI DL/Hybrid_Tools_Dark_Prophecy	D:\PROGRAMS\VST, Samples & DAW\FROM TIXATI DL\Hybrid_Tools_Dark_Prophecy	25	2	0	1904	0	1933
/mnt/workspace/PROGRAMS/VST, Samples & DAW/FROM TIXATI DL/IndianSantoor/PSISA	D:\PROGRAMS\VST, Samples & DAW\FROM TIXATI DL\IndianSantoor\PSISA	10	0	0	578	0	605
/mnt/workspace/PROGRAMS/VST, Samples & DAW/FROM TIXATI DL/Liminal - Vocal Textures Volume 1 [Crocus Soundware]	D:\PROGRAMS\VST, Samples & DAW\FROM TIXATI DL\Liminal - Vocal Textures Volume 1 [Crocus Soundware]	1	2	37	1891	0	1932
/mnt/workspace/PROGRAMS/VST, Samples & DAW/FROM TIXATI DL/Neo Guitar Series - Hinterland 1.1.0 [Musical Sampling]	D:\PROGRAMS\VST, Samples & DAW\FROM TIXATI DL\Neo Guitar Series - Hinterland 1.1.0 [Musical Sampling]	54	2	0	1597	0	1653
/mnt/workspace/PROGRAMS/VST, Samples & DAW/FROM TIXATI DL/Organic.Loops.Classical.Indian.Sitar.KONTAKT-0TH3Rside	D:\PROGRAMS\VST, Samples & DAW\FROM TIXATI DL\Organic.Loops.Classical.Indian.Sitar.KONTAKT-0TH3Rside	6	2	0	187	0	196
/mnt/workspace/PROGRAMS/VST, Samples & DAW/FROM TIXATI DL/Rhythmic.Robot.Bass.III.KONTAKT	D:\PROGRAMS\VST, Samples & DAW\FROM TIXATI DL\Rhythmic.Robot.Bass.III.KONTAKT	1	2	0	60	0	66
/mnt/workspace/PROGRAMS/VST, Samples & DAW/PlugInGuru.MegaMagic.Bells.Winds.KONTAKT	D:\PROGRAMS\VST, Samples & DAW\PlugInGuru.MegaMagic.Bells.Winds.KONTAKT	226	2	0	179	0	410
/mnt/workspace/PROGRAMS/VST, Samples & DAW/Sonic Mechanics - Classic Guitar Licks/KONTAKT	D:\PROGRAMS\VST, Samples & DAW\Sonic Mechanics - Classic Guitar Licks\KONTAKT	140	2	0	140	0	282
/mnt/workspace/PROGRAMS/VST, Samples & DAW/Sonic Mechanics - EDM Energy Drums/EED - KITS	D:\PROGRAMS\VST, Samples & DAW\Sonic Mechanics - EDM Energy Drums\EED - KITS	23	0	0	1038	0	1179
/mnt/workspace/PROGRAMS/VST, Samples & DAW/Sonic Mechanics - Future Cinematic FX/2_FFX_PRESETS	D:\PROGRAMS\VST, Samples & DAW\Sonic Mechanics - Future Cinematic FX\2_FFX_PRESETS	58	0	0	347	0	523
/mnt/workspace/PROGRAMS/VST, Samples & DAW/Sonic Mechanics - Tropical Trap/TRT_INSTRUMENTS/KONTAKT	D:\PROGRAMS\VST, Samples & DAW\Sonic Mechanics - Tropical Trap\TRT_INSTRUMENTS\KONTAKT	38	0	0	819	0	857
/mnt/workspace/PROGRAMS/VST, Samples & DAW/String Audio - Alchemist Cinematic Impacts	D:\PROGRAMS\VST, Samples & DAW\String Audio - Alchemist Cinematic Impacts	1	2	152	0	0	157
/mnt/storage/BACKUP/Backup_julij_2024_Ableton_Projects/Live Recordings/Temp-10 Project	E:\BACKUP\Backup_julij_2024_Ableton_Projects\Live Recordings\Temp-10 Project	0	0	0	4	0	11
/mnt/storage/BACKUP/Backup_julij_2024_Ableton_Projects/Live Recordings/Temp-14 Project	E:\BACKUP\Backup_julij_2024_Ableton_Projects\Live Recordings\Temp-14 Project	0	0	0	1	0	5
/mnt/storage/BACKUP/Backup_julij_2024_Ableton_Projects/Live Recordings/Temp-2 Project	E:\BACKUP\Backup_julij_2024_Ableton_Projects\Live Recordings\Temp-2 Project	0	0	0	2	0	7
/mnt/storage/Programs/Spectrasonics/STEAM/Omnisphere	E:\Programs\Spectrasonics\STEAM\Omnisphere	244	2	0	1337	0	1883
/mnt/storage/Programs/Ultimate Orchestral Sample Toolkit [BanannaButt]	E:\Programs\Ultimate Orchestral Sample Toolkit [BanannaButt]	1087	16	0	1	0	1180
/mnt/storage/Programs/Ultimate Orchestral Toolkit (Kontakt)[BananaButt]	E:\Programs\Ultimate Orchestral Toolkit (Kontakt)[BananaButt]	51	16	0	0	0	112
/mnt/storage/REC/IZ F DRIVE-a/REC/REAPER PROJECTS/take01	E:\REC\IZ F DRIVE-a\REC\REAPER PROJECTS\take01	0	0	0	42	0	108
/mnt/storage/REC/Tvar/BASS Posnetki/Kralj/Nadiža	E:\REC\Tvar\BASS Posnetki\Kralj\Nadiža	0	0	0	9	0	20
/mnt/storage/REC/Tvar/BASS Posnetki/Madness/Madness	E:\REC\Tvar\BASS Posnetki\Madness\Madness	0	0	0	14	0	30
/mnt/storage/REC/Tvar/Progbobni Miha (Backup)/EXTRACTED/HB-125	E:\REC\Tvar\Progbobni Miha (Backup)\EXTRACTED\HB-125	0	0	0	8	0	8
/mnt/storage/REC/Tvar/Progbobni Miha (Backup)/EXTRACTED/Kralj-130	E:\REC\Tvar\Progbobni Miha (Backup)\EXTRACTED\Kralj-130	0	0	0	13	0	26
/mnt/storage/REC/Tvar/Progbobni Miha (Backup)/EXTRACTED/LSD-130	E:\REC\Tvar\Progbobni Miha (Backup)\EXTRACTED\LSD-130	0	0	0	13	0	26
/mnt/storage/REC/Tvar/Progbobni Miha (Backup)/EXTRACTED/Madness-120	E:\REC\Tvar\Progbobni Miha (Backup)\EXTRACTED\Madness-120	0	0	0	13	0	26
/mnt/storage/REC/Tvar/Progbobni Miha (Backup)/EXTRACTED/Nadiza-130	E:\REC\Tvar\Progbobni Miha (Backup)\EXTRACTED\Nadiza-130	0	0	0	13	0	26
/mnt/wd_black/Kontakt VST-i Library/New Century Orchestral Series, The - Ensemble Strings [8Dio]	F:\Kontakt VST-i Library\New Century Orchestral Series, The - Ensemble Strings [8Dio]	193	2	0	0	0	199
